Team_Index,Team,Conference,W,L,Win_Pct,Sets,Aces,Assists,Block_Solos,Block_Assists,Digs,Kills,Errors,Attacks,Opp_Kills,Opp_Errors,Opp_Attacks
1,A&M-Corpus Christi,Southland,22,10,0.688,111,157,1446,89,197,1821,1601,541,4005,1300,536,3947
2,Abilene Christian,WAC,11,18,0.379,113,192,1303,54,219,1714,1417,679,4095,1347,507,3849
3,Air Force,Mountain West,17,12,0.586,113,131,1345,81,341,1416,1456,578,3693,1412,637,3704
4,Akron,MAC,13,16,0.448,112,221,1283,29,391,1516,1370,568,3847,1408,577,3766
5,Alabama,SEC,11,18,0.379,100,148,1101,44,267,1356,1180,458,3332,1274,487,3356
6,Alabama A&M,SWAC,12,19,0.387,113,140,1071,47,274,1355,1197,606,3448,1334,570,3551
7,Alabama St.,SWAC,18,13,0.581,109,210,1235,60,262,1383,1332,560,3513,1258,551,3433
8,Alcorn,SWAC,1,21,0.045,71,91,490,16,90,834,540,371,2190,920,273,2239
9,American,Patriot,20,11,0.645,117,211,1398,51,392,1683,1506,569,3949,1345,630,3954
10,App State,Sun Belt,14,15,0.483,109,174,1155,62,378,1581,1275,498,3706,1376,621,3858
11,Arizona,Pac-12,8,23,0.258,115,149,1237,40,328,1445,1372,620,3693,1465,528,3712
12,Arizona St.,Pac-12,26,6,0.812,111,228,1344,64,368,1542,1458,410,3632,1293,627,3706
13,Ark.-Pine Bluff,SWAC,6,25,0.194,102,130,817,55,180,1360,933,544,3373,1308,501,3484
14,Arkansas,SEC,25,5,0.833,111,208,1440,35,389,1708,1537,494,3968,1251,555,3801
15,Arkansas St.,Sun Belt,16,15,0.516,108,152,1292,53,250,1740,1419,701,4064,1256,522,3795
16,Army West Point,Patriot,14,12,0.538,94,117,1061,82,280,1578,1183,541,3513,1108,543,3511
17,Auburn,SEC,20,10,0.667,115,159,1289,36,506,1483,1416,512,3768,1375,646,3800
18,Austin Peay,ASUN,11,18,0.379,106,123,1145,70,326,1483,1230,565,3547,1442,521,3692
19,BYU,Big 12,24,6,0.8,101,170,1211,34,464,1256,1320,442,3205,1151,605,3212
20,Ball St.,MAC,17,14,0.548,111,134,1374,66,348,1693,1477,531,3973,1506,610,4092
21,Baylor,Big 12,17,12,0.586,108,151,1296,49,322,1407,1419,552,3645,1328,544,3524
22,Belmont,MVC,14,20,0.412,129,171,1518,42,366,1967,1611,761,4596,1602,607,4464
23,Bethune-Cookman,SWAC,7,21,0.25,99,117,924,70,292,1381,989,527,3237,1257,555,3469
24,Binghamton,America East,15,13,0.536,105,186,1141,43,501,1450,1238,458,3478,1318,618,3706
25,Boise St.,Mountain West,14,15,0.483,105,182,1233,52,367,1548,1359,611,3763,1376,527,3683
26,Boston College,ACC,19,13,0.594,115,178,1305,59,458,1615,1386,611,3880,1359,636,3916
27,Bowling Green,MAC,19,13,0.594,124,229,1516,50,404,1606,1630,597,4028,1474,639,3977
28,Bradley,MVC,9,22,0.29,113,172,1141,59,371,1746,1264,627,4010,1493,596,4189
29,Brown,Ivy League,19,7,0.731,91,162,1132,46,316,1402,1251,439,3193,1035,490,3128
30,Bryant,America East,19,12,0.613,119,236,1370,28,422,1534,1475,716,3890,1244,592,3703
31,Bucknell,Patriot,15,11,0.577,97,106,1127,54,318,1730,1213,549,3610,1232,588,3843
32,Buffalo,MAC,23,8,0.742,116,218,1474,90,260,1579,1581,529,3916,1386,577,3781
33,Butler,Big East,13,16,0.448,112,135,1358,37,354,1733,1459,601,4154,1420,573,3996
34,CSU Bakersfield,Big West,9,21,0.3,113,173,1226,26,377,1568,1317,644,3862,1388,541,3789
35,CSUN,Big West,6,23,0.207,113,154,1221,50,329,1476,1311,641,3813,1422,539,3685
36,Cal Poly,Big West,21,11,0.656,130,213,1415,57,472,1867,1539,637,4343,1531,706,4496
37,Cal St. Fullerton,Big West,2,25,0.074,99,116,959,33,260,1301,1023,549,3243,1335,448,3350
38,California,Pac-12,16,15,0.516,115,183,1328,42,380,1651,1437,630,3967,1358,582,3830
39,California Baptist,WAC,14,14,0.5,108,196,1284,27,308,1619,1378,500,3866,1421,490,3796
40,Campbell,CAA,17,13,0.567,115,169,1345,54,346,1693,1438,589,3956,1387,616,3929
41,Canisius,MAAC,10,16,0.385,102,201,1126,28,303,1602,1204,516,3682,1245,532,3657
42,Central Ark.,ASUN,8,20,0.286,107,159,1222,47,244,1554,1337,584,3652,1326,455,3601
43,Central Conn. St.,NEC,6,20,0.231,99,141,922,54,279,1247,979,521,3125,1263,543,3310
44,Central Mich.,MAC,15,15,0.5,116,201,1318,78,276,1668,1427,587,3923,1464,559,3916
45,Charleston So.,Big South,9,19,0.321,107,137,1099,45,288,1560,1201,597,3624,1335,559,3703
46,Charlotte,AAC,11,20,0.355,118,142,1206,69,434,1856,1294,650,4252,1535,657,4384
47,Chattanooga,SoCon,19,14,0.576,122,169,1442,62,312,2170,1573,565,4657,1702,677,4830
48,Chicago St.,DI Independent,13,9,0.591,73,119,872,35,223,1043,929,424,2437,796,397,2416
49,Cincinnati,Big 12,12,16,0.429,108,142,1248,58,364,1589,1312,560,3640,1409,553,3806
50,Clemson,ACC,18,13,0.581,109,171,1187,67,348,1503,1288,559,3638,1413,613,3796
51,Cleveland St.,Horizon,17,14,0.548,120,155,1341,82,386,2046,1483,573,4384,1536,675,4575
52,Coastal Carolina,Sun Belt,22,9,0.71,121,190,1529,74,335,1857,1636,616,4348,1521,637,4329
53,Col. of Charleston,CAA,14,16,0.467,109,131,1242,49,329,1781,1393,509,3966,1422,602,4079
54,Colgate,Patriot,22,7,0.759,107,154,1271,58,444,1522,1366,485,3692,1319,666,3775
55,Colorado,Pac-12,16,15,0.516,115,164,1283,86,427,1228,1387,520,3452,1542,652,3625
56,Colorado St.,Mountain West,19,12,0.613,127,194,1558,50,400,1640,1694,542,4059,1615,622,4186
57,Columbia,Ivy League,3,20,0.13,82,100,772,28,284,884,833,460,2458,1040,393,2487
58,Coppin St.,MEAC,27,4,0.871,109,214,1278,49,345,1640,1400,546,3733,1141,615,3686
59,Cornell,Ivy League,7,16,0.304,86,120,921,51,303,1076,980,460,2810,1041,478,2813
60,Creighton,Big East,27,4,0.871,105,164,1401,38,395,1711,1521,463,3696,1112,611,3730
61,Dartmouth,Ivy League,9,14,0.391,85,156,920,28,245,1117,973,450,2804,1012,426,2716
62,Davidson,Atlantic 10,19,10,0.655,108,158,1341,61,302,1829,1446,624,4033,1284,610,3983
63,Dayton,Atlantic 10,31,2,0.939,114,263,1452,34,483,1692,1571,493,3834,1213,672,3856
64,DePaul,Big East,18,15,0.545,112,106,1373,52,392,1812,1463,649,4228,1556,648,4323
65,Delaware,CAA,24,4,0.857,108,202,1235,29,463,1510,1378,481,3483,1281,585,3622
66,Delaware St.,MEAC,17,13,0.567,109,209,1211,66,234,1536,1327,521,3631,1196,546,3596
67,Denver,Summit League,14,12,0.538,96,178,1116,40,388,1214,1204,482,3113,1150,505,3070
68,Drake,MVC,24,10,0.706,119,136,1532,55,456,2038,1615,523,4280,1462,716,4552
69,Duke,ACC,19,10,0.655,107,175,1293,33,441,1465,1407,502,3589,1294,607,3638
70,Duquesne,Atlantic 10,11,15,0.423,101,153,1181,39,370,1538,1263,557,3621,1283,537,3623
71,ETSU,SoCon,6,23,0.207,109,145,1180,52,276,1535,1241,668,3665,1408,539,3706
72,East Carolina,AAC,20,10,0.667,112,177,1322,70,419,1701,1411,509,3828,1328,687,3978
73,Eastern Ill.,OVC,28,5,0.848,121,243,1573,44,347,1825,1672,544,4079,1299,608,3970
74,Eastern Ky.,ASUN,21,9,0.7,104,192,1373,80,238,1681,1465,507,3785,1269,536,3685
75,Eastern Mich.,MAC,5,25,0.167,110,144,1165,51,287,1763,1252,628,4099,1497,553,4135
76,Eastern Wash.,Big Sky,13,17,0.433,111,188,1168,78,384,1570,1308,586,3870,1381,603,3869
77,Elon,CAA,5,22,0.185,96,148,982,46,267,1343,1081,571,3284,1188,479,3210
78,Evansville,MVC,11,19,0.367,111,179,1302,61,305,1765,1369,615,4172,1499,570,4130
79,FDU,NEC,14,17,0.452,118,196,1357,55,315,1660,1462,642,4004,1397,617,3972
80,FGCU,ASUN,26,7,0.788,122,208,1418,48,484,1653,1531,588,4052,1367,670,3958
81,FIU,CUSA,13,19,0.406,116,177,1180,73,325,1453,1312,600,3589,1497,601,3839
82,Fairfield,MAAC,22,7,0.759,99,163,1134,54,364,1630,1237,476,3499,1194,640,3744
83,Fla. Atlantic,AAC,20,12,0.625,117,169,1465,75,315,1804,1580,692,4276,1447,607,4153
84,Florida,SEC,19,9,0.679,105,166,1299,33,500,1396,1380,488,3389,1278,534,3468
85,Florida A&M,SWAC,18,14,0.562,123,205,1355,84,264,1865,1480,593,4117,1415,631,4223
86,Florida St.,ACC,23,8,0.742,114,166,1388,44,451,1534,1532,443,3706,1485,623,3972
87,Fordham,Atlantic 10,17,12,0.586,110,144,1244,34,388,1830,1357,559,4052,1458,623,4240
88,Fresno St.,Mountain West,19,13,0.594,128,203,1410,104,380,1752,1557,638,4269,1595,689,4401
89,Furman,SoCon,17,11,0.607,109,171,1281,64,343,1761,1381,547,4002,1325,619,4018
90,Ga. Southern,Sun Belt,21,8,0.724,105,164,1270,103,362,1574,1360,450,3598,1267,644,3764
91,Gardner-Webb,Big South,14,13,0.519,100,190,1111,54,220,1620,1200,591,3599,1175,509,3533
92,George Mason,Atlantic 10,9,21,0.3,115,165,1324,47,330,1610,1414,677,3978,1343,545,3742
93,George Washington,Atlantic 10,7,22,0.241,110,156,1189,55,309,1458,1286,544,3715,1441,533,3682
94,Georgetown,Big East,14,16,0.467,115,174,1274,58,321,1577,1384,574,3907,1382,595,3900
95,Georgia,SEC,19,11,0.633,110,199,1344,34,423,1387,1448,573,3597,1291,542,3489
96,Georgia St.,Sun Belt,5,23,0.179,104,136,1025,66,317,1656,1095,583,3677,1343,539,3868
97,Georgia Tech,ACC,23,6,0.793,104,174,1293,61,276,1545,1412,512,3623,1175,547,3493
98,Gonzaga,WCC,3,24,0.111,97,155,975,40,287,1254,1034,517,3295,1336,480,3277
99,Grambling,SWAC,10,20,0.333,107,151,1041,58,178,1725,1169,631,4033,1187,574,3893
100,Grand Canyon,WAC,23,7,0.767,105,197,1301,91,384,1513,1400,427,3523,1261,617,3628
101,Green Bay,Horizon,16,16,0.5,124,213,1399,43,370,1847,1514,622,4425,1630,668,4383
102,Hampton,CAA,0,19,0,59,52,410,21,122,627,439,323,1812,849,256,1852
103,Harvard,Ivy League,15,9,0.625,89,151,990,54,370,1086,1081,440,2809,1031,512,2848
104,Hawaii,Big West,24,8,0.75,110,160,1449,65,338,1690,1543,576,3935,1252,577,3814
105,High Point,Big South,23,7,0.767,107,178,1263,50,379,1612,1380,497,3588,1144,593,3685
106,Hofstra,CAA,18,11,0.621,109,224,1363,48,289,1561,1482,570,3781,1195,507,3506
107,Holy Cross,Patriot,4,21,0.16,86,129,834,15,222,1192,889,535,2871,1113,409,2927
108,Houston,Big 12,18,9,0.667,95,141,1186,42,358,1434,1293,475,3330,1105,524,3319
109,Houston Christian,Southland,19,13,0.594,114,142,1354,56,386,2023,1472,642,4394,1495,641,4464
110,Howard,MEAC,17,14,0.548,114,212,1271,37,292,1445,1403,596,3673,1216,516,3497
111,IUPUI,Horizon,9,20,0.31,113,200,1231,46,226,1544,1347,744,3853,1215,480,3457
112,Idaho,Big Sky,1,27,0.036,94,125,850,30,226,1251,929,564,3111,1259,416,3125
113,Idaho St.,Big Sky,8,20,0.286,99,136,1112,96,252,1507,1216,552,3580,1344,530,3732
114,Illinois,Big Ten,16,14,0.533,115,176,1256,48,449,1534,1392,602,3891,1429,593,3912
115,Illinois St.,MVC,12,19,0.387,110,167,1268,54,338,1664,1383,603,3942,1406,547,3885
116,Indiana,Big Ten,21,12,0.636,122,215,1478,91,424,1647,1623,622,4224,1392,654,3951
117,Indiana St.,MVC,5,23,0.179,101,145,1115,37,253,1478,1194,552,3817,1468,481,3722
118,Iona,MAAC,15,16,0.484,117,180,1310,48,279,2079,1389,675,4476,1384,654,4415
119,Iowa,Big Ten,8,24,0.25,111,162,1175,35,365,1589,1275,546,3882,1556,560,4006
120,Iowa St.,Big 12,20,10,0.667,108,151,1327,64,347,1511,1453,536,3781,1329,567,3702
121,Jackson St.,SWAC,17,13,0.567,109,177,1205,52,326,1459,1328,622,3623,1233,544,3477
122,Jacksonville,ASUN,9,19,0.321,105,172,1230,43,323,1437,1298,459,3647,1321,504,3537
123,Jacksonville St.,CUSA,5,22,0.185,89,104,882,45,199,1124,985,509,2942,1111,371,2789
124,James Madison,Sun Belt,21,10,0.677,114,205,1382,104,330,1761,1497,550,4111,1439,546,4024
125,Kansas,Big 12,24,5,0.828,103,117,1342,63,373,1607,1444,449,3616,1313,564,3766
126,Kansas City,Summit League,22,9,0.71,121,180,1435,49,443,2015,1556,525,4420,1557,705,4639
127,Kansas St.,Big 12,16,11,0.593,97,147,1144,51,386,1478,1235,484,3341,1132,553,3397
128,Kennesaw St.,ASUN,18,11,0.621,114,171,1419,55,362,1583,1526,598,3855,1366,561,3781
129,Kent St.,MAC,6,23,0.207,106,150,1129,42,280,1591,1208,579,3707,1428,494,3745
130,Kentucky,SEC,20,7,0.741,97,137,1301,31,318,1323,1396,452,3345,1165,455,3193
131,LIU,NEC,13,18,0.419,114,188,1148,71,419,1672,1225,554,3908,1453,699,4142
132,LMU (CA),WCC,20,6,0.769,91,154,1113,41,402,1153,1220,423,2841,937,497,2851
133,LSU,SEC,11,17,0.393,103,147,1212,48,298,1298,1290,507,3377,1324,475,3274
134,Lafayette,Patriot,9,15,0.375,85,131,899,56,196,1253,964,453,2949,1075,441,2954
135,Lamar University,Southland,2,27,0.069,98,124,948,60,244,1363,1029,543,3387,1374,484,3460
136,Lehigh,Patriot,13,14,0.481,106,174,1135,68,416,1554,1260,537,3682,1338,594,3784
137,Liberty,CUSA,15,14,0.517,105,163,1240,40,382,1332,1337,596,3528,1241,514,3344
138,Lipscomb,ASUN,21,8,0.724,117,219,1458,77,302,1484,1553,604,3877,1291,539,3526
139,Little Rock,OVC,11,19,0.367,110,184,1007,77,265,1616,1103,589,3719,1371,608,3940
140,Long Beach St.,Big West,21,10,0.677,114,196,1390,51,385,1526,1523,596,3796,1248,599,3664
141,Louisiana,Sun Belt,19,13,0.594,119,156,1481,40,354,1864,1582,624,4271,1404,605,4140
142,Louisiana Tech,CUSA,8,21,0.276,97,155,913,46,277,1457,989,517,3393,1293,521,3515
143,Louisville,ACC,25,4,0.862,100,180,1253,67,326,1340,1363,446,3236,1126,565,3265
144,Loyola Chicago,Atlantic 10,19,12,0.613,107,186,1313,39,384,1633,1422,581,3721,1270,569,3729
145,Loyola Maryland,Patriot,11,16,0.407,93,147,1075,37,214,1411,1173,616,3372,1029,445,3088
146,Manhattan,MAAC,9,22,0.29,113,180,1135,36,248,1236,1237,688,3575,1407,493,3384
147,Marist,MAAC,14,16,0.467,116,163,1321,46,286,1551,1421,646,3789,1392,572,3751
148,Marquette,Big East,21,10,0.677,108,185,1285,55,361,1688,1380,484,3767,1304,587,3836
149,Marshall,Sun Belt,13,19,0.406,120,135,1342,80,357,1912,1440,620,4206,1627,642,4481
150,Maryland,Big Ten,17,15,0.531,114,160,1242,44,471,1437,1363,620,3701,1365,587,3682
151,McNeese,Southland,16,17,0.485,117,162,1499,70,298,1946,1581,613,4377,1457,565,4281
152,Memphis,AAC,11,20,0.355,115,180,1279,42,323,1711,1377,681,4069,1402,567,3943
153,Mercer,SoCon,16,12,0.571,103,185,1184,43,289,1521,1271,518,3546,1290,537,3578
154,Miami (FL),ACC,18,11,0.621,106,168,1339,29,411,1415,1450,565,3625,1278,548,3457
155,Miami (OH),MAC,5,25,0.167,104,121,1130,48,226,1353,1213,568,3462,1408,461,3454
156,Michigan,Big Ten,7,22,0.241,102,176,1095,43,277,1372,1184,599,3467,1255,442,3296
157,Michigan St.,Big Ten,17,14,0.548,116,163,1337,56,342,1561,1462,645,3852,1302,571,3718
158,Middle Tenn.,CUSA,20,10,0.667,105,192,1319,52,275,1183,1437,461,3203,1198,490,3042
159,Milwaukee,Horizon,21,12,0.636,127,166,1546,62,435,1827,1661,563,4308,1636,716,4499
160,Minnesota,Big Ten,16,12,0.571,107,157,1231,31,469,1564,1330,494,3675,1318,617,3769
161,Mississippi St.,SEC,13,15,0.464,100,113,1076,65,342,1380,1166,464,3402,1336,571,3514
162,Mississippi Val.,SWAC,3,24,0.111,85,84,498,29,62,990,563,460,2495,1101,342,2653
163,Missouri,SEC,17,12,0.586,109,172,1322,26,370,1529,1406,591,3694,1318,486,3610
164,Missouri St.,MVC,16,16,0.5,122,171,1363,52,426,2061,1465,610,4549,1613,697,4772
165,Montana,Big Sky,11,18,0.379,111,179,1235,41,355,1516,1347,552,3716,1416,526,3743
166,Montana St.,Big Sky,22,8,0.733,115,192,1359,42,420,1642,1483,593,4088,1496,637,4086
167,Morehead St.,OVC,18,13,0.581,113,164,1412,69,336,1967,1505,635,4367,1309,597,4188
168,Morgan St.,MEAC,8,22,0.267,107,192,956,96,221,1230,1051,638,3263,1269,559,3316
169,Murray St.,MVC,13,14,0.481,108,151,1365,40,238,1814,1474,532,4021,1396,496,3980
170,N.C. A&T,CAA,8,18,0.308,100,166,1014,49,354,1224,1123,511,3103,1200,509,3153
171,N.C. Central,MEAC,6,18,0.25,96,143,967,46,170,1227,1050,548,3085,1170,435,3070
172,NC State,ACC,22,7,0.759,109,182,1361,30,399,1544,1456,545,3752,1224,590,3589
173,NIU,MAC,8,22,0.267,115,136,1277,59,394,1641,1370,534,3920,1629,590,4156
174,NJIT,America East,9,17,0.346,89,140,899,46,248,1212,964,473,3035,1214,471,3119
175,Navy,Patriot,18,9,0.667,103,169,1192,59,305,1479,1292,541,3604,1169,558,3444
176,Nebraska,Big Ten,28,1,0.966,102,121,1336,30,451,1399,1444,499,3354,1049,579,3338
177,Nevada,Mountain West,7,22,0.241,113,187,1090,65,420,1584,1193,588,3844,1518,653,4072
178,New Hampshire,America East,18,9,0.667,100,153,1146,37,358,1582,1234,502,3569,1239,612,3794
179,New Mexico,Mountain West,19,12,0.613,117,157,1308,70,432,1823,1435,540,4164,1585,774,4509
180,New Mexico St.,CUSA,21,10,0.677,115,159,1403,93,390,1602,1521,615,3759,1299,662,3816
181,New Orleans,Southland,9,22,0.29,106,140,1066,64,204,1598,1164,523,3666,1453,494,3802
182,Niagara,MAAC,13,14,0.481,91,122,962,50,362,1426,1038,484,3270,1159,554,3481
183,Nicholls,Southland,4,24,0.143,97,108,939,27,255,1241,1024,508,3268,1345,426,3251
184,Norfolk St.,MEAC,9,14,0.391,83,124,832,40,174,971,927,393,2553,1024,397,2598
185,North Ala.,ASUN,17,12,0.586,109,190,1264,26,310,1566,1352,477,3704,1395,587,3789
186,North Carolina,ACC,13,14,0.481,105,164,1207,38,364,1323,1317,602,3423,1259,507,3308
187,North Dakota,Summit League,7,21,0.25,105,136,1127,30,327,1467,1224,652,3581,1273,528,3509
188,North Dakota St.,Summit League,18,11,0.621,111,159,1392,34,376,1643,1492,584,3764,1375,567,3811
189,North Florida,ASUN,17,15,0.531,123,211,1444,52,340,1794,1558,651,4126,1473,609,4156
190,North Texas,AAC,17,15,0.531,124,154,1509,69,435,1631,1602,678,4053,1490,630,4019
191,Northeastern,CAA,11,14,0.44,93,147,911,40,341,1336,986,440,3063,1252,523,3353
192,Northern Ariz.,Big Sky,7,20,0.259,97,119,1058,51,238,1531,1135,533,3650,1245,506,3544
193,Northern Colo.,Big Sky,18,11,0.621,107,157,1205,66,266,1422,1386,557,3495,1257,537,3493
194,Northern Ky.,Horizon,18,13,0.581,121,222,1470,49,434,1880,1561,627,4339,1513,631,4313
195,Northwestern,Big Ten,15,15,0.5,113,149,1300,36,422,1561,1419,555,3812,1434,584,3858
196,Northwestern St.,Southland,14,17,0.452,109,145,1187,50,491,1819,1291,532,4090,1481,645,4309
197,Notre Dame,ACC,11,15,0.423,101,139,1086,41,339,1387,1188,588,3368,1227,534,3480
198,Oakland,Horizon,17,14,0.548,121,138,1420,54,341,2126,1513,634,4562,1566,655,4613
199,Ohio,MAC,18,13,0.581,119,158,1471,62,336,1703,1614,672,4142,1393,618,3989
200,Ohio St.,Big Ten,11,18,0.379,108,150,1260,43,293,1561,1378,583,3695,1384,534,3745
201,Oklahoma,Big 12,11,17,0.393,109,142,1343,46,356,1316,1436,607,3614,1259,488,3285
202,Old Dominion,Sun Belt,14,17,0.452,117,184,1315,67,428,1448,1436,610,3794,1531,630,3897
203,Ole Miss,SEC,11,18,0.379,111,139,1304,71,357,1548,1384,577,3767,1369,576,3779
204,Omaha,Summit League,15,14,0.517,112,176,1303,43,424,1454,1398,655,3747,1247,530,3534
205,Oral Roberts,Summit League,3,25,0.107,96,132,948,39,234,1413,1018,550,3495,1275,460,3415
206,Oregon,Pac-12,27,5,0.844,113,171,1470,59,506,1611,1577,526,3737,1231,641,3791
207,Oregon St.,Pac-12,11,19,0.367,120,120,1423,52,352,1631,1511,622,3948,1452,537,3890
208,Pacific,WCC,18,11,0.621,108,178,1328,51,246,1588,1420,644,3844,1133,532,3502
209,Penn,Ivy League,4,20,0.167,84,121,847,37,116,1156,903,477,2771,1079,351,2737
210,Penn St.,Big Ten,22,8,0.733,107,125,1322,82,463,1458,1440,536,3588,1247,617,3605
211,Pepperdine,WCC,19,8,0.704,91,138,1118,34,308,1320,1210,395,3108,1099,488,3184
212,Pittsburgh,ACC,25,4,0.862,98,142,1260,41,496,1172,1360,417,3047,1025,585,3056
213,Portland,WCC,9,19,0.321,113,201,1147,47,287,1242,1263,669,3548,1327,489,3360
214,Portland St.,Big Sky,16,12,0.571,102,175,1251,67,288,1551,1346,526,3651,1310,519,3632
215,Prairie View,SWAC,19,13,0.594,119,216,1290,65,268,1752,1400,555,3961,1330,615,4061
216,Presbyterian,Big South,9,17,0.346,103,159,998,71,326,1577,1091,482,3577,1342,620,3857
217,Princeton,Ivy League,14,9,0.609,88,147,1061,58,200,1225,1117,427,2871,1085,439,2947
218,Providence,Big East,9,21,0.3,112,183,1114,63,328,1491,1221,569,3723,1452,604,3825
219,Purdue,Big Ten,22,8,0.733,115,118,1412,51,495,1674,1530,536,4014,1520,652,4154
220,Purdue Fort Wayne,Horizon,10,20,0.333,116,157,1387,42,299,1749,1471,635,4148,1506,536,4044
221,Quinnipiac,MAAC,19,10,0.655,105,191,1257,62,242,1540,1357,631,3688,1157,551,3472
222,Radford,Big South,6,17,0.261,82,125,819,32,216,1105,887,546,2854,1026,395,2723
223,Rhode Island,Atlantic 10,4,26,0.133,107,173,994,27,405,1325,1070,660,3532,1354,545,3481
224,Rice,AAC,18,11,0.621,113,112,1364,108,328,2097,1471,587,4230,1346,646,4414
225,Rider,MAAC,12,17,0.414,102,170,1111,34,320,1406,1189,552,3418,1223,489,3394
226,Robert Morris,Horizon,7,22,0.241,106,164,1170,18,230,1662,1285,626,3976,1504,489,3924
227,Rutgers,Big Ten,10,20,0.333,115,136,1240,57,361,1493,1328,566,3724,1489,596,3839
228,SFA,WAC,29,4,0.879,119,177,1526,64,528,1939,1650,577,4283,1409,709,4343
229,SIUE,OVC,13,16,0.448,117,162,1330,80,380,1683,1422,649,4060,1479,630,4132
230,SMU,AAC,26,6,0.812,108,156,1391,39,430,1751,1507,495,3925,1339,625,4027
231,Sacramento St.,Big Sky,22,11,0.667,123,165,1519,85,483,1723,1640,625,4165,1351,673,4050
232,Sacred Heart,NEC,12,15,0.444,94,164,965,23,322,1232,1072,514,3092,1120,514,3134
233,Saint Francis (PA),NEC,15,11,0.577,101,198,1185,30,239,1306,1259,621,3253,1032,496,3042
234,Saint Louis,Atlantic 10,16,16,0.5,131,233,1518,66,380,1813,1626,747,4456,1502,656,4278
235,Saint Mary's (CA),WCC,16,12,0.571,107,184,1212,47,486,1405,1307,543,3589,1357,604,3652
236,Saint Peter's,MAAC,0,30,0,102,134,814,34,284,1199,890,514,3118,1389,472,3362
237,Sam Houston,CUSA,7,22,0.241,112,150,1151,43,301,1650,1257,637,4011,1482,540,3967
238,Samford,SoCon,16,15,0.516,116,218,1426,40,348,1701,1529,609,4092,1399,536,3925
239,San Diego,WCC,16,10,0.615,91,156,1100,29,400,1361,1174,474,3163,1083,540,3219
240,San Diego St.,Mountain West,9,20,0.31,107,144,1308,55,243,1377,1404,675,3705,1294,503,3390
241,San Francisco,WCC,10,18,0.357,108,139,1104,50,327,1519,1225,545,3623,1447,575,3794
242,San Jose St.,Mountain West,13,18,0.419,115,173,1300,65,386,1548,1408,743,3972,1388,570,3826
243,Santa Clara,WCC,12,16,0.429,107,181,1182,20,350,1396,1292,562,3539,1370,476,3475
244,Seattle U,WAC,8,19,0.296,97,124,957,51,288,1297,1026,504,3272,1362,483,3327
245,Seton Hall,Big East,14,15,0.483,106,159,1158,33,380,1552,1278,580,3799,1369,569,3797
246,Siena,MAAC,2,26,0.071,95,126,848,34,282,1081,909,551,2990,1224,440,2972
247,South Alabama,Sun Belt,22,9,0.71,110,179,1349,90,376,1793,1444,516,3946,1300,658,4065
248,South Carolina,SEC,11,16,0.407,105,118,1268,69,378,1408,1332,575,3547,1410,550,3655
249,South Carolina St.,MEAC,1,28,0.034,93,86,683,62,178,1014,747,518,2715,1237,418,2862
250,South Dakota,Summit League,18,11,0.621,111,195,1227,66,392,1582,1317,549,3643,1300,595,3729
251,South Dakota St.,Summit League,9,20,0.31,108,158,1197,45,309,1585,1310,555,3786,1448,572,3881
252,South Fla.,AAC,19,11,0.633,112,195,1406,44,243,1546,1487,621,3835,1172,511,3429
253,Southeast Mo. St.,OVC,22,10,0.688,125,186,1538,66,296,2235,1654,597,4755,1522,688,4704
254,Southeastern La.,Southland,28,5,0.848,113,194,1498,54,347,1798,1602,518,3947,1290,593,3924
255,Southern California,Pac-12,18,12,0.6,122,173,1518,47,380,1705,1613,567,4115,1477,565,4024
256,Southern Ill.,MVC,20,12,0.625,116,181,1481,44,359,1726,1559,601,4171,1435,603,4055
257,Southern Miss.,Sun Belt,12,16,0.429,101,169,1141,40,292,1641,1247,501,3733,1273,520,3675
258,Southern U.,SWAC,9,16,0.36,89,145,857,43,204,1317,950,484,3088,1037,462,3127
259,Southern Utah,WAC,6,20,0.231,96,133,996,46,212,1409,1085,584,3384,1253,468,3338
260,St. John's (NY),Big East,23,10,0.697,120,187,1452,56,373,1519,1541,721,3982,1319,611,3766
261,Stanford,Pac-12,26,3,0.897,104,204,1411,46,472,1409,1499,415,3426,1177,526,3388
262,Stetson,ASUN,13,16,0.448,112,128,1228,95,334,1788,1344,517,3987,1549,649,4348
263,Stony Brook,CAA,17,14,0.548,110,222,1345,30,305,1746,1426,582,3917,1323,514,3814
264,Syracuse,ACC,2,26,0.071,89,121,754,33,178,953,797,555,2739,1169,351,2675
265,TCU,Big 12,16,14,0.533,118,156,1395,68,471,1746,1507,616,4104,1478,646,4143
266,Temple,AAC,17,14,0.548,117,178,1275,111,339,1654,1379,603,4091,1366,639,3954
267,Tennessee,SEC,24,4,0.857,95,161,1289,43,345,1369,1405,425,3219,1074,471,3130
268,Tennessee St.,OVC,2,26,0.071,108,108,1051,69,363,1522,1159,616,3611,1364,579,3763
269,Tennessee Tech,OVC,13,17,0.433,120,160,1355,69,328,1729,1481,705,4235,1429,588,4064
270,Texas,Big 12,23,4,0.852,91,154,1131,36,464,1256,1220,378,3023,1108,533,3167
271,Texas A&M,SEC,16,13,0.552,101,139,1243,17,523,1265,1313,509,3313,1208,562,3295
272,Texas Southern,SWAC,8,23,0.258,109,127,1001,54,204,1584,1151,604,3838,1350,518,3942
273,Texas St.,Sun Belt,20,10,0.667,110,158,1283,73,478,1761,1379,483,3926,1385,676,4153
274,Texas Tech,Big 12,11,19,0.367,112,128,1140,68,382,1612,1240,605,3922,1472,623,3977
275,The Citadel,SoCon,27,3,0.9,115,199,1456,59,290,1972,1580,568,4299,1346,599,4177
276,Toledo,MAC,14,17,0.452,121,183,1431,69,340,1895,1582,641,4366,1574,631,4394
277,Towson,CAA,24,6,0.8,106,174,1402,45,441,1517,1512,459,3561,1141,589,3520
278,Troy,Sun Belt,15,13,0.536,105,148,1262,53,270,1456,1365,583,3550,1210,442,3341
279,Tulane,AAC,6,25,0.194,111,145,1170,46,413,1738,1254,568,3980,1501,601,4164
280,Tulsa,AAC,18,14,0.562,115,147,1398,47,384,1991,1497,564,4550,1576,580,4428
281,UAB,AAC,5,26,0.161,117,170,1232,61,355,1644,1339,645,3980,1507,547,3996
282,UAlbany,America East,7,18,0.28,88,142,938,32,268,1176,1019,477,3000,1103,478,2971
283,UC Davis,Big West,13,16,0.448,119,198,1274,51,443,1534,1359,580,3849,1407,638,3859
284,UC Irvine,Big West,11,19,0.367,112,135,1273,34,301,1585,1366,616,3861,1442,528,3849
285,UC Riverside,Big West,6,24,0.2,107,161,1103,38,154,1481,1210,620,3656,1313,448,3461
286,UC Santa Barbara,Big West,27,4,0.871,117,187,1370,79,492,1782,1498,557,4052,1402,715,4193
287,UCF,Big 12,17,12,0.586,104,199,1221,61,252,1292,1343,511,3297,1233,500,3229
288,UCLA,Pac-12,18,12,0.6,118,161,1351,67,475,1370,1468,548,3700,1526,644,3893
289,UConn,Big East,8,22,0.267,113,164,1248,55,272,1613,1348,622,3927,1449,522,3907
290,UIC,MVC,21,12,0.636,123,196,1636,49,480,1693,1741,695,4407,1542,649,4235
291,UIW,Southland,15,16,0.484,115,168,1405,49,370,1765,1513,584,4209,1488,576,4110
292,ULM,Sun Belt,7,24,0.226,123,179,1324,80,190,1935,1431,661,4536,1490,575,4338
293,UMBC,America East,17,7,0.708,86,139,1107,21,361,1363,1180,523,3188,951,442,2960
294,UMES,MEAC,16,12,0.571,109,167,1157,47,281,1301,1286,580,3356,1297,589,3440
295,UNC Asheville,Big South,8,20,0.286,97,131,987,76,248,1165,1054,591,3075,1163,534,3057
296,UNC Greensboro,SoCon,1,27,0.036,100,135,917,28,172,1283,1000,589,3206,1284,391,3165
297,UNCW,CAA,12,16,0.429,104,156,1236,45,284,1584,1329,602,3673,1242,495,3577
298,UNI,MVC,26,7,0.788,110,143,1532,66,373,1813,1647,575,4066,1281,606,4012
299,UNLV,Mountain West,19,13,0.594,119,212,1428,33,412,1441,1594,565,3784,1361,576,3720
300,USC Upstate,Big South,12,14,0.462,94,161,1058,41,294,1516,1159,501,3440,1132,534,3422
301,UT Arlington,WAC,20,10,0.667,114,155,1408,41,421,1666,1535,593,3927,1303,600,3874
302,UT Martin,OVC,8,20,0.286,104,116,1168,46,243,1740,1278,648,4109,1411,496,3881
303,UTEP,CUSA,21,9,0.7,113,210,1333,42,519,1226,1434,517,3352,1238,597,3301
304,UTRGV,WAC,19,12,0.613,114,151,1369,49,344,1689,1511,605,4013,1389,593,3928
305,UTSA,AAC,15,15,0.5,107,188,1250,40,441,1612,1324,548,3760,1338,600,3810
306,Utah,Pac-12,11,19,0.367,117,189,1305,47,405,1489,1430,653,3852,1425,578,3754
307,Utah St.,Mountain West,24,6,0.8,111,192,1399,66,401,1405,1502,618,3752,1271,599,3517
308,Utah Valley,WAC,12,17,0.414,109,142,1197,50,503,1380,1284,534,3489,1412,604,3667
309,VCU,Atlantic 10,17,13,0.567,113,170,1263,60,401,1818,1376,618,4130,1381,671,4174
310,Valparaiso,MVC,18,15,0.545,119,133,1458,34,419,2067,1548,673,4585,1471,632,4465
311,Villanova,Big East,17,14,0.548,118,186,1317,28,279,1575,1479,573,4115,1495,546,3917
312,Virginia,ACC,11,17,0.393,106,154,1200,50,398,1482,1300,638,3664,1295,523,3521
313,Virginia Tech,ACC,13,16,0.448,105,160,1142,45,305,1412,1253,558,3397,1286,576,3506
314,Wake Forest,ACC,17,12,0.586,116,135,1343,55,354,1535,1465,601,3793,1365,569,3737
315,Washington,Pac-12,16,15,0.516,119,212,1310,49,329,1576,1424,559,3919,1540,573,3964
316,Washington St.,Pac-12,24,7,0.774,114,176,1397,62,445,1466,1551,497,3681,1407,610,3773
317,Weber St.,Big Sky,21,9,0.7,114,201,1344,49,430,1802,1446,560,4117,1365,645,4094
318,West Virginia,Big 12,9,22,0.29,113,124,1270,56,327,1433,1392,653,3714,1453,544,3698
319,Western Caro.,SoCon,10,18,0.357,106,162,1193,45,318,1720,1288,564,3837,1334,564,3847
320,Western Ill.,OVC,9,21,0.3,122,157,1251,68,382,2090,1365,554,4453,1744,676,4879
321,Western Ky.,CUSA,29,4,0.879,113,222,1416,87,377,1483,1533,434,3623,1240,660,3625
322,Western Mich.,MAC,31,2,0.939,113,169,1519,46,308,1813,1616,497,4122,1392,618,4149
323,Wichita St.,AAC,22,8,0.733,112,115,1353,49,412,1721,1491,532,3858,1330,659,3989
324,William & Mary,CAA,13,15,0.464,105,147,1168,39,365,1499,1258,620,3658,1311,578,3650
325,Winthrop,Big South,14,13,0.519,98,128,1073,63,266,1486,1164,530,3462,1222,526,3493
326,Wisconsin,Big Ten,27,3,0.9,101,166,1317,46,516,1474,1404,368,3334,1125,611,3496
327,Wofford,SoCon,23,8,0.742,112,162,1348,131,321,1884,1450,551,4025,1329,675,4114
328,Wright St.,Horizon,21,11,0.656,114,195,1452,41,400,1924,1566,563,4290,1416,669,4306
329,Wyoming,Mountain West,21,9,0.7,109,153,1382,80,409,1418,1473,532,3626,1312,611,3627
330,Xavier,Big East,18,12,0.6,109,133,1324,72,253,1707,1424,597,3843,1392,591,3924
331,Yale,Ivy League,21,4,0.84,86,172,1103,62,232,1315,1202,385,3019,1035,462,3038
332,Youngstown St.,Horizon,9,20,0.31,114,156,1251,50,379,1736,1327,600,3970,1483,644,4156
